,X,Y,Rent
0,59.951063,30.2343093,900.0
1,59.858804,30.199274,633.3333333333334
2,59.913083,30.3280144,1250.0
3,59.839669,30.350828,720.0
4,59.979444,30.510961,615.3846153846154
5,59.819382,30.340976,653.8461538461538
6,59.83928,30.349819,551.7241379310345
7,59.831349,30.324456,938.7755102040817
8,59.958687,30.3008949,1093.75
9,60.032092,30.145592,520.0
10,59.951063,30.2343093,900.0
11,59.939577,30.496445,566.6666666666666
12,59.841055,30.347816,892.8571428571429
13,60.070608,30.324205,592.5925925925926
14,59.84522,30.109804,630.2521008403361
15,59.939996,30.205798,716.8458781362008
16,60.031954,30.3071669,640.0
17,60.005931,30.197919,660.377358490566
18,59.956277,30.289971,740.7407407407408
19,59.956277,30.289971,714.2857142857143
20,60.021642,30.255494,740.7407407407408
21,59.962974,30.3109759,1562.5
22,60.061054,30.306807,627.177700348432
23,59.935295,30.3108136,2515.7232704402513
24,59.935295,30.3108136,2347.417840375587
25,59.939293,30.437024,733.3333333333334
26,59.935295,30.3108136,2439.0243902439024
27,59.826302,30.332478,703.7037037037037
28,59.936361,30.219709,774.1935483870968
29,59.863649,30.515078,551.7241379310345
30,60.06974542,30.31102313,642.8571428571429
31,60.012663,30.3811018,857.1428571428571
32,59.99119,30.328114,888.8888888888889
33,59.837952,30.354733,714.2857142857143
34,59.91884,30.2929726,1000.0
35,59.975991,30.386745,769.2307692307693
36,59.838481,30.352813,720.0
37,60.056077,30.31205,661.7647058823529
38,59.936251,30.204477,814.8148148148148
39,59.8321,30.325732,678.5714285714286
40,60.075567,30.343577,692.3076923076923
41,59.964973,30.3063929,958.3333333333334
42,59.861205,30.161987,421.05263157894734
43,60.033976,30.237427,760.0
44,59.981535,30.38822,740.7407407407408
45,59.851846,30.137705,642.8571428571429
46,59.948879,30.262814,967.741935483871
47,59.851846,30.137705,666.6666666666666
48,59.92336,30.453463,823.5294117647059
49,59.834774,30.5156902,814.8148148148148
50,59.834774,30.5156902,916.6666666666666
51,59.902274,30.3309587,1200.0
52,59.843923,30.110639,400.0
53,59.843923,30.110639,576.9230769230769
54,60.082305,30.343841,555.5555555555555
55,59.983682,30.314752,1060.6060606060605
56,59.841351,30.306669,1020.4081632653061
57,60.075567,30.343577,600.0
58,60.078342,30.350705,695.6521739130435
59,59.841351,30.306669,851.8518518518518
60,59.831956,30.333448,1277.7777777777778
61,59.841055,30.347816,892.8571428571429
62,59.853125,30.139726,760.0
63,59.935295,30.3108136,2710.843373493976
64,60.068984,30.3028263,714.2857142857143
65,59.935295,30.3108136,2926.829268292683
66,59.935295,30.3108136,2573.529411764706
67,59.935295,30.3108136,2590.6735751295337
68,59.862298,30.184238,586.2068965517242
69,60.000619,30.208097,718.75
70,59.832259,30.5469996,535.7142857142857
71,60.001371,30.299422,1166.6666666666667
72,60.003669,30.288802,961.5384615384615
73,60.035958,30.222569,640.0
74,59.844081,30.108366,555.5555555555555
75,59.842544,30.305861,739.1304347826087
76,59.829161,30.541462,640.0
77,59.829161,30.541462,680.0
78,60.070355,30.316227,666.6666666666666
79,59.983671,30.356714,1000.0
80,59.923013,30.3417427,1206.896551724138
81,59.875171,30.403086,625.0
82,59.872138,30.3328404,1000.0
83,59.993064,30.356059,870.9677419354839
84,59.931704,30.4262033,740.7407407407408
85,59.794646,30.157706,538.4615384615385
86,59.942546,30.2598871,1166.6666666666667
87,59.84522,30.109804,541.6666666666666
88,59.839669,30.350828,740.7407407407408
89,59.84345,30.357554,724.1379310344828
90,59.999697,30.216572,766.6666666666666
91,59.885088,30.3690464,1000.0
92,59.856835,30.316317,766.6666666666666
93,59.929949,30.3376872,1142.857142857143
94,59.923013,30.3417427,1435.8974358974358
95,59.993293,30.356948,909.0909090909091
96,59.852963,30.155878,720.0
97,60.030649,30.142412,625.0
98,60.027649,30.223744,812.7208480565371
99,59.860617,30.192583,629.6296296296297
100,59.941124,30.3492239,821.4285714285714
101,59.853441,30.146316,640.0
102,59.851739,30.142089,743.8016528925621
103,59.82362,30.337491,846.1538461538462
104,59.931918,30.407946,1145.8333333333333
105,59.888379,30.313766,807.6923076923077
106,59.939293,30.437024,821.4285714285714
107,60.038079,30.228956,640.0
108,59.928524,30.3219634,1111.111111111111
109,59.983635,30.397869,760.0
110,60.078342,30.350705,833.3333333333334
111,59.837952,30.354733,600.0
112,59.98805,30.365635,781.25
113,60.03771,30.225579,687.5
114,59.838859,30.350763,760.0
115,59.900146,30.307604,1111.111111111111
116,60.069885,30.325956,678.5714285714286
117,59.834564,30.4024258,1000.0
118,59.937991,30.440132,961.5384615384615
119,60.036577,30.393716,850.2024291497976
120,59.981535,30.38822,666.6666666666666
121,59.83092,30.246024,642.8571428571429
122,59.853392,30.155321,600.0
123,59.93687,30.204205,600.0
124,59.905348,30.314655,1074.0740740740741
125,59.84345,30.357554,749.0636704119851
126,59.953711,30.2419584,795.4545454545455
127,60.039414,30.224294,800.0
128,59.84522,30.109804,600.0
129,59.859926,30.208797,592.5925925925926
130,59.935436,30.2571413,1111.111111111111
131,59.92952,30.258843,962.9629629629629
132,59.84522,30.109804,666.6666666666666
133,59.862296,30.3145745,967.741935483871
134,60.004267,30.223323,1120.0
135,60.038079,30.228956,916.6666666666666
136,59.82509,30.333071,785.7142857142857
137,60.035958,30.222569,700.0
138,60.035958,30.222569,700.0
139,59.859036,30.197506,629.6296296296297
140,59.936873,30.201944,800.0
141,59.840722,30.10409,680.0
142,59.913183,30.2787631,620.6896551724138
143,60.042415,30.224716,750.0
144,59.84345,30.357554,720.0
145,59.923013,30.3417427,1428.5714285714287
146,59.923013,30.3417427,1346.1538461538462
147,59.841351,30.306669,640.0
148,60.068984,30.3028263,666.6666666666666
149,59.821675,30.327506,642.8571428571429
150,60.040358,30.40903,655.1724137931035
151,59.905547,30.319012,1617.6470588235295
152,59.905547,30.319012,1800.0
153,59.952222,30.2315758,1000.0
154,59.946987,30.342027,1562.5
155,60.070608,30.324205,607.1428571428571
156,59.888379,30.313766,875.0
157,60.038767,30.221167,700.0
158,59.925991,30.3452598,882.3529411764706
159,59.923013,30.3417427,1315.7894736842104
160,59.819047,30.327609,666.6666666666666
161,59.952402,30.257056,555.5555555555555
162,59.930857,30.4111459,800.0
163,59.858024,30.196575,550.0
164,60.000726,30.221482,920.0
165,59.819382,30.340976,629.6296296296297
166,60.033976,30.237427,428.57142857142856
167,59.843869,30.22415,777.7777777777778
168,59.860048,30.193526,784.3137254901961
169,59.996655,30.274627,833.3333333333334
170,59.820553,30.327591,933.3333333333334
171,59.819047,30.327609,793.1034482758621
172,59.819382,30.340976,714.2857142857143
173,59.843869,30.22415,620.6896551724138
174,59.892752,30.4294961,742.4242424242424
175,59.85045795,30.13489025,800.0
176,59.76091,30.325408,562.5
177,59.93687,30.204205,733.3333333333334
178,59.841351,30.306669,800.0
179,59.863206,30.50332,750.0
180,60.071472,30.23616,625.0
181,59.83092,30.246024,760.0
182,59.91414,30.3465106,1045.4545454545455
183,59.97599,30.386745,629.6296296296297
184,59.92952,30.258843,982.7586206896551
185,60.000619,30.208097,625.7142857142857
186,59.840722,30.10409,714.2857142857143
187,60.041112,30.409994,555.5555555555555
188,59.843923,30.110639,680.0
189,60.078342,30.350705,548.3870967741935
190,59.92252,30.3269473,1058.8235294117646
191,59.994275,30.1585411,1000.0
192,59.929292,30.3810957,1400.0
193,59.94260599,30.37736393,1071.4285714285713
194,60.027962,30.247273,692.3076923076923
195,60.035958,30.222569,692.3076923076923
196,59.831349,30.324456,884.6153846153846
197,60.042415,30.224716,680.0
198,60.01843541,30.24834975,716.6666666666666
199,59.919734,30.370306,813.953488372093
200,60.035958,30.222569,692.3076923076923
201,59.939293,30.437024,857.1428571428571
202,59.863116,30.51401,553.5055350553505
203,60.036758,30.226369,841.1214953271028
204,59.97383,30.3033404,1083.3333333333333
205,59.832983,30.1933343,800.0
206,59.933736,30.3474959,1071.4285714285713
207,59.939293,30.437024,892.8571428571429
208,59.923013,30.3417427,1400.0
209,60.037049,30.223854,760.0
210,59.831349,30.324456,833.3333333333334
211,59.841975,30.113128,640.0
212,60.053107,30.32517,750.0
213,59.900146,30.307604,800.0
214,59.894915,30.463587,927.4193548387096
215,59.937391,30.3447961,1500.0
216,59.873297,30.334432,833.3333333333334
217,59.997041,30.272677,846.1538461538462
218,59.992821,30.171024,500.0
219,59.851846,30.137705,892.8571428571429
220,60.041099,30.221608,766.1290322580645
221,59.83150562,30.32987406,782.6086956521739
222,60.031571,30.233304,1000.0
223,60.031571,30.233304,938.7755102040817
224,59.873297,30.334432,1031.25
225,59.925801,30.3719629,1111.111111111111
226,59.957444,30.242557,1176.4705882352941
227,59.837703,30.11363,653.8461538461538
228,60.041112,30.409994,605.2631578947369
229,59.953524,30.3005551,1500.0
230,59.962397,30.269952,1375.0
231,59.842544,30.305861,800.0
232,60.032308,30.401208,720.0
233,59.829161,30.541462,565.2173913043479
234,59.993064,30.356059,1296.2962962962963
235,59.993064,30.356059,869.5652173913044
236,59.856835,30.316317,1000.0
237,59.860617,30.192583,653.8461538461538
238,60.034677,30.239682,678.5714285714286
239,59.914973,30.3217159,1363.6363636363637
240,59.93166,30.352764,975.609756097561
241,59.838023,30.35216,645.1612903225806
242,59.83975,30.111825,600.0
243,59.851607,30.146337,640.0
244,59.841975,30.113128,652.1739130434783
245,59.983851,30.348854,933.3333333333334
246,60.035958,30.222569,562.5
247,59.927213,30.3088657,1444.4444444444443
248,60.045781,30.3655,821.4285714285714
249,59.857328,30.4487012,925.925925925926
250,59.92020139,30.34586257,1850.0
251,60.029022,30.250049,740.7407407407408
252,59.854027,30.3474248,1714.2857142857142
253,59.928596,30.378309,1086.9565217391305
254,59.993064,30.356059,1200.0
255,60.075567,30.343577,615.3846153846154
256,60.016935,30.281893,769.2307692307693
257,59.987407,30.368123,593.75
258,59.850201,30.300687,878.7878787878788
259,59.827765,30.5469826,615.3846153846154
260,60.03998,30.415105,620.6896551724138
261,59.952426,30.482128,625.0
262,59.841975,30.113128,625.0
263,59.986634,30.256864,1075.0
264,59.916229,30.43955,800.0
265,59.86181,30.185496,600.0
266,59.849532,30.243006,600.0
267,60.028658,30.246465,666.6666666666666
268,60.029022,30.250049,782.6086956521739
269,59.998834,30.20735,740.7407407407408
270,59.825136,30.2204632,800.0
271,59.942938,30.3423537,926.829268292683
272,60.012663,30.3811018,866.6666666666666
273,59.958471,30.29977,1117.6470588235295
274,59.958821,30.299621,1000.0
275,59.831349,30.324456,1277.7777777777778
276,60.001005,30.324851,650.0
277,59.984296,30.208439,875.0
278,60.052933,30.312709,481.48148148148147
279,59.841749,30.224716,514.7058823529412
280,59.845191,30.330298,662.2516556291391
281,59.945297,30.2375773,666.6666666666666
282,59.840916,30.3852036,468.75
283,60.040629,30.3735817,450.0
284,60.051814,30.327726,512.5
285,59.85019,30.241576,434.7826086956522
286,60.035958,30.222569,676.4705882352941
287,60.006377,30.219284,540.5405405405405
288,60.040434,30.400471,486.4864864864865
289,60.025385,30.2165414,450.0
290,60.000726,30.221482,1052.6315789473683
291,59.832292,30.422472,571.4285714285714
292,59.939996,30.205798,475.0
293,60.011558,30.328337,625.0
294,60.008711,30.262903,523.8095238095239
295,59.840722,30.10409,527.7777777777778
296,60.030649,30.142412,514.2857142857143
297,60.073759,30.338317,664.8199445983379
298,60.056077,30.31205,770.8333333333334
299,60.014696,30.386702,638.8888888888889
300,60.08205,30.338425,439.0243902439024
301,59.988899,30.21265,625.0
302,59.837413,30.3579,777.7777777777778
303,59.845469,30.311152,636.3636363636364
304,60.035023,30.387428,487.8048780487805
305,59.980988,30.37425,714.2857142857143
306,59.993595,30.321824,645.1612903225806
307,59.929646,30.459455,600.0
308,60.040434,30.400471,568.8622754491018
309,59.857495,30.410326,510.8695652173913
310,59.861363,30.182603,454.54545454545456
311,59.855445,30.2208606,438.14432989690727
312,59.945812,30.3411681,1111.111111111111
313,59.989994,30.375238,757.5757575757576
314,59.878481,30.4795274,473.6842105263158
315,60.079639,30.33608,555.5555555555555
316,59.955955,30.2882135,750.0
317,59.718375,30.08263,435.8974358974359
318,60.001005,30.324851,650.0
319,60.001929,30.212281,831.0249307479224
320,59.873976,30.298863,562.5
321,59.792092,30.149103,534.8837209302326
322,60.008357,30.4181095,485.7142857142857
323,59.861778,30.189601,416.66666666666663
324,60.001929,30.212281,750.0
325,59.948163,30.252285,744.6808510638298
326,60.032396,30.411425,514.2857142857143
327,60.001005,30.324851,650.0
328,60.026896,30.21735,512.8205128205128
329,59.939996,30.205798,533.3333333333334
330,59.849944,30.1495,581.3953488372093
331,60.027849,30.2108736,377.77777777777777
332,59.857992,30.172057,418.6046511627907
333,59.846462,30.3131245,567.5675675675676
334,59.845935,30.374088,450.0
335,59.848359,30.3840495,478.2608695652174
336,60.032155,30.344982,511.1111111111111
337,59.907194,30.312032,1170.212765957447
338,59.953657,30.41924,500.0
339,60.02601,30.218105,380.95238095238096
340,60.08205,30.338425,404.76190476190476
341,60.035034,30.373667,631.578947368421
342,60.007151,30.213891,575.0
343,59.838561,30.350435,846.1538461538462
344,59.993293,30.356948,771.2082262210797
345,59.930092,30.458018,590.9090909090909
346,60.015179,30.309661,750.0
347,59.917836,30.448622,555.5555555555555
348,59.996809,30.203015,547.6190476190476
349,60.024296,30.2417004,432.43243243243245
350,60.032218,30.405241,589.7435897435897
351,59.85684,30.196338,391.30434782608694
352,60.057985,30.323396,380.0
353,59.873297,30.334432,1000.0
354,60.040577,30.21965,540.5405405405405
355,59.910265,30.45543,526.3157894736842
356,60.023722,30.369507,461.53846153846155
357,60.035297,30.250426,585.2941176470588
358,60.035297,30.250426,539.5833333333334
359,59.989477,30.193167,911.1111111111111
360,59.996299,30.193806,465.1162790697674
361,60.082305,30.343841,509.3833780160858
362,59.860179,30.415024,641.025641025641
363,60.001001,30.251692,609.7560975609756
364,59.848986,30.245036,500.0
365,60.000393,30.299932,742.8571428571429
366,59.84466,30.3167841,610.0795755968169
367,59.916503,30.2984703,918.918918918919
368,59.936361,30.219709,710.5263157894736
369,59.95435,30.214741,625.0
370,60.005747,30.478014,457.14285714285717
371,60.073759,30.338317,750.0
372,59.915034,30.470116,575.0
373,59.873587,30.304523,714.2857142857143
374,59.936251,30.204477,714.2857142857143
375,60.037715,30.330376,485.7142857142857
376,59.911367,30.476846,555.5555555555555
377,59.926562,30.470675,615.3846153846154
378,60.001005,30.324851,650.0
379,59.952288,30.2191294,416.6666666666667
380,59.828874,30.1614998,500.0
381,60.041885,30.334787,500.0
382,59.841351,30.306669,864.8648648648649
383,59.856393,30.240113,616.6666666666666
384,60.030088,30.234849,479.1666666666667
385,59.981404,30.4131949,694.4444444444445
386,59.875431,30.3109655,625.0
387,59.950172,30.483332,546.4480874316939
388,59.943219,30.3428536,580.6451612903226
389,59.863398,30.3749396,437.5
390,59.973575,30.4005735,517.2413793103449
391,60.003092,30.2977639,790.0677200902935
392,60.00204,30.254351,522.7272727272727
393,59.836803,30.2598565,720.0
394,60.07696,30.340776,473.6842105263158
395,59.86762,30.457478,532.6086956521739
396,59.937747,30.2751754,613.6363636363636
397,60.023704,30.2223333,454.54545454545456
398,59.857076,30.3738594,645.1612903225806
399,60.041935,30.4256433,530.3030303030303
400,59.830196,30.3732166,500.0
401,60.043429,30.3841251,454.54545454545456
402,59.919022,30.370639,883.7209302325581
403,59.896086,30.4782782,580.6451612903226
404,59.860717,30.247237,718.75
405,60.034386,30.246127,555.5555555555555
406,60.018328,30.2484785,500.0
407,59.921499,30.483597,833.3333333333334
408,59.855696,30.20737,510.2040816326531
409,59.989576,30.202492,800.0
410,59.976831,30.393896,540.5405405405405
411,59.930701,30.45853,595.2380952380952
412,59.901062,30.456661,625.0
413,60.02422,30.4210736,485.7142857142857
414,59.993614,30.309531,609.7560975609756
415,59.919022,30.370639,750.0
416,59.857592,30.195373,540.5405405405405
417,59.976297,30.315383,888.8888888888889
418,59.937355,30.477331,578.9473684210526
419,59.941835,30.223521,727.2727272727273
420,60.010704,30.2448537,447.36842105263156
421,59.876639,30.312526,729.1666666666666
422,59.89213,30.483359,485.29411764705884
423,59.935205,30.433565,681.8181818181819
424,59.966236,30.3105589,806.4516129032259
425,59.999491,30.197242,729.1666666666666
426,60.036438,30.457191,425.0
427,59.828225,30.328984,666.6666666666666
428,60.030541,30.238559,625.0
429,60.001005,30.324851,650.0
430,60.032218,30.405241,588.2352941176471
431,59.872467,30.3310057,500.0
432,60.047619,30.3606362,450.0
433,59.938629,30.2379174,638.8888888888889
434,60.01444323,30.27622535,681.8181818181819
435,60.0218,30.2820867,450.9283819628647
436,59.91580227,30.44742453,555.5555555555555
437,59.991086,30.1975285,500.0
438,59.966898,30.3144988,996.44128113879
439,59.945244,30.240248,760.4562737642585
440,60.048822,30.367773,521.3270142180095
441,59.919022,30.370639,1000.0
442,59.928467,30.4769749,400.0
443,59.992821,30.171024,500.0
444,59.841459,30.486198,444.44444444444446
445,60.082857,30.352115,465.1162790697674
446,59.939361,30.225794,681.8181818181819
447,60.039324,30.397983,548.3870967741935
448,59.924531,30.4996082,500.0
449,59.915409,30.446931,657.1428571428571
450,60.04711,30.3820496,617.6470588235294
451,59.996299,30.193806,550.0
452,59.902116,30.4745385,600.0
453,60.032434,30.348306,402.41448692152915
454,60.028821,30.294128,547.6190476190476
455,60.035958,30.222569,696.969696969697
456,60.041112,30.409994,552.6315789473684
457,59.954024,30.216721,700.0
458,59.846244,30.110298,447.36842105263156
459,59.962059,30.2828994,1000.0
460,59.825862,30.3967229,500.0
461,59.99243,30.3184658,600.0
462,60.009489,30.346465,540.5405405405405
463,59.871742,30.4764469,454.54545454545456
464,59.847529,30.3119279,677.4193548387096
465,60.024756,30.222533,357.14285714285717
466,59.831349,30.324456,694.4444444444445
467,59.901214,30.2736085,666.6666666666666
468,59.851739,30.142089,724.1379310344828
469,59.863468,30.17919,629.6296296296297
470,59.930437,30.4651263,628.5714285714286
471,59.933116,30.3484034,1153.8461538461538
472,60.077466,30.338201,600.0
473,59.950172,30.483332,595.2380952380952
474,59.920645,30.371959,940.0
475,59.918703,30.430981,418.6046511627907
476,60.032609,30.411934,604.6511627906976
477,59.841337,30.2573957,588.2352941176471
478,59.991353,30.3162541,588.2352941176471
479,59.86092,30.3521311,486.4864864864865
480,60.001005,30.324851,650.0
481,59.842504,30.486998,475.0
482,60.053754,30.317099,514.2857142857143
483,60.0002378,30.28450503,540.5405405405405
484,59.860701,30.185031,416.6666666666667
485,59.914355,30.4963921,533.3333333333334
486,60.042722,30.2415155,696.969696969697
487,59.850033,30.281364,545.4545454545455
488,60.003694,30.4160249,457.14285714285717
489,59.857592,30.195373,493.1506849315069
490,59.891825,30.4152457,500.0
491,59.83845,30.138396,472.22222222222223
492,59.946547,30.3875547,1250.0
493,59.92952,30.258843,831.0249307479224
494,59.922826,30.446555,470.5882352941176
495,60.01861229,30.32535912,566.6666666666666
496,59.990252,30.2095187,425.0
497,59.84332,30.2279835,428.57142857142856
498,59.900324,30.459001,526.3157894736842
499,60.068984,30.3028263,588.2352941176471
500,60.004703,30.204603,466.6666666666667
501,59.841816,30.351046,444.44444444444446
502,59.838978,30.352802,550.0
503,60.013924,30.27901,638.8888888888889
504,60.068984,30.3028263,738.255033557047
505,59.941647,30.4888121,512.8205128205128
506,60.021703,30.270171,450.0
507,60.026644,30.297677,603.448275862069
508,60.040577,30.21965,558.8235294117648
509,59.985462,30.421914,609.7560975609756
510,60.035159,30.405018,645.1612903225806
511,60.036555,30.350633,405.4054054054054
512,60.029968,30.454847,461.53846153846155
513,60.030925,30.2989452,500.0
514,59.957584,30.405511,1000.0
515,59.865741,30.374817,1.0
516,60.005351,30.415454,516.1290322580645
517,59.816601,30.3250659,568.8622754491018
518,59.855111,30.194729,550.0
519,59.940192,30.223575,750.0
520,60.068984,30.3028263,589.7435897435897
521,59.850829,30.207747,375.0
522,59.932977,30.423319,725.0
523,59.942305,30.4785944,386.3636363636364
524,59.924558,30.4829764,450.0
525,59.963955,30.2734662,918.3673469387755
526,60.03554,30.347462,625.0
527,60.012747,30.403461,516.1290322580645
528,60.038209,30.346519,468.75
529,59.829215,30.330668,514.2857142857143
530,59.859736,30.179378,384.61538461538464
531,60.001005,30.324851,650.0
532,60.03554,30.347462,625.0
533,60.029072,30.247659,696.969696969697
534,60.081031,30.34094,528.5714285714286
535,60.082857,30.352115,487.1794871794872
536,59.911679,30.4967196,600.0
537,59.863232,30.500866,457.14285714285717
538,59.943516,30.225992,625.0
539,59.918811,30.4179858,595.2380952380952
540,59.856759,30.191533,500.0
541,60.038079,30.228956,588.2352941176471
542,59.852809,30.224573,522.7272727272727
543,59.951364,30.4684855,472.22222222222223
544,59.955581,30.4077826,1000.0
545,60.013568,30.388281,625.0
546,59.911679,30.4967196,620.6896551724138
547,60.033714,30.455138,390.625
548,60.0713,30.326397,454.54545454545456
549,59.960021,30.480556,612.9032258064516
550,59.926562,30.470675,533.3333333333334
551,59.926226,30.4859126,450.0
552,60.001419,30.246042,625.0
553,59.740099,30.08651,580.6451612903226
554,60.039589,30.257666,555.5555555555555
555,60.043485,30.357038,531.25
556,60.037378,30.255322,540.5405405405405
557,59.816601,30.3250659,571.4285714285714
558,59.911246,30.4579741,375.0
559,59.939978,30.202294,625.0
560,60.005747,30.478014,400.0
561,59.910265,30.45543,628.5714285714286
562,60.015592,30.319794,617.0212765957447
563,59.984557,30.392045,647.0588235294117
564,59.873623,30.310532,884.6153846153846
565,59.951792,30.215855,560.0
566,59.832858,30.362911,657.8947368421053
567,59.988445,30.2151677,601.0928961748633
568,59.851408,30.3589121,642.8571428571429
569,59.98629,30.1968871,702.7027027027027
570,59.92952,30.258843,1081.081081081081
571,59.900929,30.4747263,566.6666666666666
572,59.859926,30.208797,526.3157894736842
573,60.0327,30.3430967,600.0
574,59.838796,30.2292779,545.4545454545455
575,60.041647,30.398919,625.0
576,59.901666,30.455619,583.3333333333334
577,59.929263,30.354657,1071.4285714285713
578,60.00424,30.403364,600.0
579,60.029211,30.459239,487.8048780487805
580,59.827456,30.141667,348.83720930232556
581,60.019683,30.3671461,468.75
582,60.001005,30.324851,650.0
583,59.830946,30.5401104,473.6842105263158
584,59.828245,30.4014674,689.6551724137931
585,59.910265,30.45543,552.6315789473684
586,59.94026,30.4682946,500.0
587,60.036968,30.403935,500.0
588,59.986601,30.224258,652.1739130434783
589,59.911367,30.476846,555.5555555555555
590,59.842785,30.1673678,515.1515151515151
591,59.89717,30.4682623,500.0
592,60.003218,30.215814,647.0588235294117
593,60.005546,30.266785,607.5949367088608
594,59.873576,30.376637,588.2352941176471
595,60.013371,30.254221,589.7435897435897
596,60.032457,30.246482,523.8095238095239
597,60.005365,30.4181542,600.0
598,60.046513,30.368186,425.0
599,59.831956,30.333448,625.0
600,59.865305,30.3965149,517.2413793103449
601,59.863798,30.3016417,645.1612903225806
602,60.00135,30.2383287,395.8333333333333
603,60.038079,30.228956,638.8888888888889
604,60.051388,30.314474,580.6451612903226
605,60.006845,30.263416,539.9061032863849
606,60.04086,30.339395,500.0
607,59.936989,30.4906112,515.1515151515151
608,59.902549,30.3221908,777.7777777777778
609,59.967429,30.3982154,484.8484848484849
610,60.049502,30.3806139,558.8235294117648
611,60.082857,30.352115,487.8048780487805
612,59.879781,30.4650968,625.0
613,59.836892,30.1726217,516.1290322580645
614,60.019939,30.411572,609.7560975609756
615,60.042743,30.380972,500.0
616,60.009687,30.41268,588.2352941176471
617,59.836258,30.3190732,473.6842105263158
618,59.96144,30.2925177,640.0
619,60.02008247,30.26873937,882.3529411764706
620,59.84392033,30.21184312,573.7704918032787
621,59.833749,30.3989663,793.1034482758621
622,60.082857,30.352115,500.0
623,59.93136571,30.28818259,1176.4705882352941
624,59.902479,30.320882,844.4444444444445
625,59.952299,30.4083222,1000.0
626,59.830672,30.534321,514.2857142857143
627,59.826351,30.1690706,451.61290322580646
628,59.981535,30.38822,617.6470588235294
629,59.936859,30.3639824,681.8181818181819
630,59.862274,30.17273,461.53846153846155
631,60.046044,30.364899,431.0344827586207
632,59.85213,30.211992,447.36842105263156
633,60.001005,30.324851,650.0
634,59.933157,30.3658916,1250.0
635,60.025457,30.226405,547.6190476190476
636,59.998531,30.335757,606.060606060606
637,60.013474,30.326998,433.3333333333333
638,59.831956,30.333448,722.2222222222222
639,60.016935,30.281893,529.4117647058823
640,59.900192,30.4661296,457.14285714285717
641,59.826303,30.4051753,625.0
642,60.054074,30.326769,710.5263157894736
643,59.902116,30.4745385,444.44444444444446
644,59.840986,30.233763,511.1111111111111
645,60.001929,30.212281,857.1428571428571
646,59.859917,30.242763,542.8571428571429
647,59.843037,30.260487,555.5555555555555
648,59.871911,30.3092724,666.6666666666666
649,59.82923149,30.53779003,531.25
650,59.856921,30.215059,404.76190476190476
651,59.839574,30.312836,555.5555555555555
652,59.939658,30.439332,787.8787878787879
653,59.791313,30.151476,465.1162790697674
654,60.029968,30.454847,487.8048780487805
655,59.856055,30.231759,562.5
656,59.989576,30.202492,937.5
657,60.006642,30.198818,555.5555555555555
658,60.053029,30.3710322,600.0
659,59.880216,30.314017,888.8888888888889
660,59.819047,30.327609,625.0
661,60.041081,30.332649,625.0
662,59.938338,30.473567,534.8837209302326
663,59.951018,30.265044,774.1935483870968
664,59.831117,30.5397269,558.8235294117648
665,60.029211,30.459239,500.0
666,59.929511,30.459141,550.0
667,59.953076,30.3283494,869.5652173913044
668,59.826302,30.332478,675.0
669,59.826519,30.205294,425.0
670,60.038767,30.221167,594.5945945945946
671,59.836409,30.352133,650.0
672,59.937991,30.440132,694.4444444444445
673,60.057155,30.266272,771.4285714285714
674,59.993634,30.388904,488.8888888888889
675,59.952591,30.305534,1153.8461538461538
676,59.835456,30.3166017,473.6842105263158
677,59.910265,30.45543,594.5945945945946
678,59.914073,30.450106,594.5945945945946
679,59.871911,30.3092724,781.25
680,59.939938,30.391246,1530.6122448979593
681,59.828463,30.2165115,633.3333333333334
682,60.006474,30.418182,531.25
683,59.850854,30.218565,536.5853658536586
684,60.001005,30.324851,650.0
685,60.013371,30.254221,600.0
686,60.042479,30.377105,465.1162790697674
687,59.991328,30.31717,625.0
688,60.036492,30.395297,645.1612903225806
689,60.074541,30.335184,526.3157894736842
690,59.829179,30.1831152,421.05263157894734
691,59.910767,30.491435,428.57142857142856
692,59.880216,30.314017,1000.0
693,59.830672,30.534321,457.14285714285717
694,59.918527,30.3520514,980.3921568627451
695,60.031211,30.142835,394.7368421052632
696,60.005747,30.478014,421.05263157894734
697,60.032092,30.145592,510.5105105105105
698,59.930291,30.3215761,744.6808510638298
699,60.039948,30.252285,595.2380952380952
700,60.003061,30.221087,657.8947368421053
701,60.004222,30.281687,657.8947368421053
702,60.00119,30.326199,575.0
703,59.94983937,30.24864126,789.4736842105264
704,59.85019,30.241576,511.1111111111111
705,60.031256,30.138675,566.57223796034
706,59.938971,30.3612435,740.7407407407408
707,59.910265,30.45543,558.1395348837209
708,59.853424,30.153641,514.2857142857143
709,59.86766,30.3996878,514.2857142857143
710,60.039948,30.252285,514.2857142857143
711,60.01068,30.394181,522.7272727272727
712,59.853432,30.350382,837.2093023255813
713,59.888379,30.313766,837.8378378378378
714,60.078356,30.342099,461.53846153846155
715,59.841541,30.214583,675.0
716,60.033885,30.4304564,500.0
717,59.852154,30.361521,500.0
718,60.010456,30.2395609,542.0054200542006
719,60.016334,30.426029,612.9032258064516
720,60.013641,30.265751,500.0
721,60.043485,30.357038,500.0
722,59.831721,30.2113372,516.1290322580645
723,60.04202,30.412176,555.5555555555555
724,60.036519,30.244209,642.8571428571429
725,59.816601,30.3250659,545.4545454545455
726,59.82154804,30.327506,593.75
727,59.848675,30.2751559,540.5405405405405
728,59.852321,30.244057,578.9473684210526
729,59.8322,30.2144569,419.35483870967744
730,59.948724,30.5014311,500.0
731,59.854629,30.212196,404.76190476190476
732,59.88441,30.478993,478.2608695652174
733,59.956208,30.3045554,904.7619047619048
734,59.863049,30.3568004,566.6666666666666
735,60.001005,30.324851,650.0
736,60.074541,30.335184,500.0
737,60.01226,30.431602,500.0
738,59.871989,30.3854296,545.4545454545455
739,60.024207,30.2851171,473.6842105263158
740,60.028286,30.401548,581.3953488372093
741,60.042761,30.32628,472.22222222222223
742,59.922354,30.45217,705.8823529411765
743,59.828685,30.3932537,571.4285714285714
744,59.840811,30.312384,666.6666666666666
745,60.031148,30.24344,500.0
746,60.028622,30.296465,513.5135135135135
747,59.860848,30.3263458,730.7692307692307
748,59.846178,30.326847,750.0
749,60.00447,30.23944,512.8205128205128
750,59.995433,30.3893833,571.4285714285714
751,59.919827,30.4457139,476.1904761904762
752,59.856881,30.40906,605.2631578947369
753,59.947622,30.3388054,1000.0
754,60.029885,30.452044,435.8974358974359
755,59.86635,30.364781,800.0
756,59.84485,30.264619,600.0
757,59.989045,30.2191931,487.8048780487805
758,60.051388,30.314474,714.2857142857143
759,60.028128,30.335739,625.0
760,59.856921,30.215059,380.95238095238096
761,59.903133,30.446483,657.1428571428571
762,60.035351,30.225615,705.8823529411765
763,59.921029,30.4898388,687.5
764,60.036758,30.226369,666.6666666666666
765,60.03376,30.3813076,384.61538461538464
766,59.835121,30.3801141,536.5853658536586
767,59.986877,30.2089326,500.0
768,59.84121,30.3953679,514.2857142857143
769,59.931045,30.3587074,970.8737864077669
770,59.837675,30.1382001,421.05263157894734
771,59.857592,30.195373,441.1764705882353
772,59.907966,30.4160037,440.0
773,59.937136,30.2826642,1250.0
774,59.93046,30.2448661,653.8461538461538
775,60.049267,30.370261,450.0
776,59.848038,30.199046,400.0
777,59.984557,30.392045,555.5555555555555
778,59.854497,30.3301927,909.0909090909091
779,59.993293,30.356948,952.3809523809524
780,60.023034,30.400058,529.8013245033113
781,60.020959,30.24235,673.0769230769231
782,59.856759,30.191533,512.8205128205128
783,59.931941,30.460749,515.4639175257732
784,59.957689,30.4834319,468.75
785,59.940523,30.2763176,1250.0
786,60.001005,30.324851,650.0
787,59.840449,30.4952294,410.2564102564103
788,60.079792,30.34881,571.4285714285714
789,59.861188,30.3023439,548.3870967741935
790,59.820553,30.327591,938.3378016085792
791,59.888379,30.313766,875.0
792,59.915333,30.461773,606.060606060606
793,59.86176,30.189718,465.1162790697674
794,60.035059,30.217098,750.0
795,60.029022,30.250049,594.5945945945946
796,59.861843,30.3382238,705.8823529411765
797,59.939384,30.490073,553.8461538461538
798,59.835279,30.426271,513.5135135135135
799,60.015361,30.3798442,600.0
800,59.851046,30.3740528,500.0
801,59.841975,30.113128,500.0
802,59.867351,30.4042347,588.2352941176471
803,59.997316,30.359149,633.3333333333334
804,59.881187,30.47725,428.57142857142856
805,59.789329,30.150723,428.57142857142856
806,59.936873,30.438677,909.0909090909091
807,60.02509,30.4142145,575.7575757575758
808,59.946662,30.413695,789.4736842105264
809,59.873623,30.310532,842.1052631578947
810,59.857047,30.3880416,781.25
811,59.863798,30.4609425,612.9032258064516
812,60.042415,30.224716,757.5757575757576
813,59.936361,30.219709,900.0
814,60.035059,30.217098,500.0
815,59.840811,30.312384,1102.5641025641025
816,59.939397,30.2511126,1076.923076923077
817,60.027777,30.232091,488.8888888888889
818,59.861464,30.331145,361.70212765957444
819,59.860265,30.173099,470.9418837675351
820,60.002724,30.251602,534.8837209302326
821,59.880216,30.314017,1063.8297872340424
822,59.900146,30.307604,975.0
823,60.008168,30.264747,547.6190476190476
824,59.923587,30.4774461,457.14285714285717
825,60.034778,30.445577,545.4545454545455
826,59.832881,30.1549396,444.44444444444446
827,59.853125,30.139726,629.6296296296297
828,59.939996,30.205798,647.0588235294117
829,59.861354,30.171239,428.57142857142856
830,60.024858,30.2248378,487.1794871794872
831,59.957149,30.4307418,503.7783375314861
832,59.834564,30.4024258,988.7005649717514
833,59.831956,30.333448,641.025641025641
834,59.859114,30.196092,595.7446808510638
835,60.026264,30.220815,394.7368421052632
836,59.860193,30.160864,431.8181818181818
837,60.001005,30.324851,650.0
838,59.829696,30.5372965,473.6842105263158
839,60.080241,30.334661,526.3157894736842
840,59.997721,30.352894,574.468085106383
841,60.006759,30.3924702,416.6666666666667
842,59.919734,30.370306,1666.6666666666667
843,59.8429492,30.34095084,645.1612903225806
844,59.833258,30.5260395,533.3333333333334
845,59.880216,30.314017,1063.8297872340424
846,59.897484,30.4665675,533.3333333333334
847,59.92952,30.258843,942.8571428571429
848,59.856184,30.183834,375.0
849,59.816601,30.3250659,513.5135135135135
850,59.936481,30.4939572,395.3488372093023
851,60.016959,30.308421,603.448275862069
852,59.86425,30.409304,673.8544474393531
853,60.039512,30.326208,625.0
854,59.85029708,30.41429664,526.3157894736842
855,59.826954,30.329109,560.2240896358543
856,59.842508,30.493519,555.5555555555555
857,60.034371,30.390132,372.09302325581393
858,59.842544,30.305861,714.2857142857143
859,59.888379,30.313766,833.3333333333334
860,59.943794,30.2176082,694.4444444444445
861,60.018753,30.2316072,415.7549234135667
862,59.983871,30.421856,548.3870967741935
863,59.915267,30.29856,709.6774193548387
864,59.946662,30.413695,897.4358974358975
865,60.013371,30.254221,487.1794871794872
866,59.83479,30.3403457,482.3151125401929
867,59.833882,30.1478344,666.6666666666666
868,59.861743,30.505012,441.1764705882353
869,60.047829,30.321375,875.0
870,59.947375,30.2163294,600.0
871,59.860717,30.247237,400.0
872,59.896039,30.310856,914.2857142857143
873,59.872138,30.3328404,909.0909090909091
874,59.868224,30.166826,428.57142857142856
875,60.036986,30.4295209,514.2857142857143
876,60.007796,30.2309141,473.6842105263158
877,59.829161,30.541462,465.75342465753425
878,59.978899,30.374394,568.1818181818181
879,60.039589,30.257666,394.7368421052632
880,59.953016,30.4255983,562.5
881,59.84773,30.153605,744.1860465116279
882,59.902274,30.3309587,1026.3157894736842
883,59.900324,30.459001,609.7560975609756
884,59.92952,30.258843,1117.6470588235295
885,59.963589,30.4157005,666.6666666666666
886,60.046086,30.351064,526.3157894736842
887,60.037603,30.4047295,500.0
888,60.001005,30.324851,650.0
889,59.853961,30.189852,515.1515151515151
890,59.939397,30.2511126,1185.5670103092784
891,60.033383,30.39212,500.0
892,59.910265,30.45543,547.6190476190476
893,59.858804,30.199274,461.53846153846155
894,59.955394,30.4685196,500.0
895,59.8519,30.2480217,487.8048780487805
896,59.848464,30.2376542,468.75
897,59.85995,30.16484,380.95238095238096
898,59.837686,30.205945,548.3870967741935
899,59.840489,30.2082442,625.0
900,60.053754,30.317099,450.0
901,59.860701,30.185031,555.5555555555555
902,60.02912,30.2975517,500.0
903,59.963157,30.268229,1571.4285714285713
904,59.89418,30.4479516,1028.5714285714287
905,59.923649,30.371797,888.8888888888889
906,59.95434,30.4764398,473.6842105263158
907,59.933157,30.3658916,1590.909090909091
908,59.85083,30.3908227,620.6896551724138
909,60.046394,30.397672,400.0
910,60.005697,30.20816,514.2857142857143
911,59.853955,30.220178,425.0
912,59.868224,30.166826,555.5555555555555
913,60.035297,30.250426,729.4832826747721
914,60.018201,30.417477,459.4594594594595
915,59.943794,30.2176082,625.0
916,59.905668,30.323951,1116.0714285714287
917,59.863232,30.500866,509.915014164306
918,59.937896,30.482847,425.531914893617
919,59.845388,30.361925,547.6190476190476
920,60.027813,30.330368,479.1666666666667
921,59.948379,30.263901,800.0
922,59.836388,30.2605965,760.0
923,60.029458,30.251764,657.1428571428571
924,60.079639,30.33608,486.4864864864865
925,59.917985,30.481359,527.7777777777778
926,59.831349,30.324456,769.2307692307693
927,59.864762,30.4625161,536.5853658536586
928,59.999996,30.2838613,542.6356589147287
929,59.861589,30.186475,500.0
930,60.033193,30.244919,605.2631578947369
931,60.006307,30.3942939,656.25
932,60.013348,30.4283277,577.4193548387096
933,59.924543,30.4878398,500.0
934,59.94937383,30.24369904,571.4285714285714
935,59.857592,30.195373,750.0
936,59.937991,30.440132,833.3333333333334
937,60.031273,30.2966402,404.76190476190476
938,59.835826,30.510434,500.0
939,60.001005,30.324851,650.0
940,59.901062,30.456661,652.1739130434783
941,59.957764,30.4386715,638.8888888888889
942,60.028056,30.216541,450.0
943,59.99707374,30.302785,795.4545454545455
944,59.952859,30.21724,666.6666666666666
945,59.890658,30.489198,511.1111111111111
946,60.007656,30.218172,542.8571428571429
947,60.027813,30.330368,576.3688760806916
948,59.881493,30.2689684,645.1612903225806
949,59.950546,30.221347,757.5757575757576
950,59.987114,30.234148,555.5555555555555
951,59.828216,30.554389,607.1428571428571
952,59.940222,30.487761,454.54545454545456
953,59.843507,30.12583,411.7647058823529
954,59.84522,30.109804,515.1515151515151
955,60.042195,30.35031,593.75
956,59.842552,30.312635,476.1904761904762
957,60.027787,30.253515,640.0
958,60.02249,30.2561702,465.1162790697674
959,60.029571,30.322839,600.0
960,60.005971,30.255924,444.44444444444446
961,60.000079,30.316244,511.1111111111111
962,59.939996,30.205798,650.0
963,59.915141,30.4813008,529.4117647058823
964,60.041953,30.330107,659.3406593406594
965,60.050502,30.367395,428.57142857142856
966,59.861743,30.505012,566.6666666666666
967,59.841351,30.306669,714.2857142857143
968,59.839679,30.35677,629.9212598425197
969,60.033673,30.299711,440.0
970,59.853392,30.2587613,679.2452830188679
971,59.838571,30.3455683,687.5
972,59.902438,30.483682,583.3333333333334
973,59.960349,30.227284,650.0
974,59.950805,30.2436249,800.0
975,59.844858,30.376057,1060.6060606060605
976,59.789978,30.146653,444.44444444444446
977,59.928307,30.3146542,833.3333333333334
978,59.921913,30.369569,872.7272727272727
979,60.017837,30.2940081,727.2727272727273
980,60.019116,30.4049464,548.3870967741935
981,59.868224,30.166826,542.8571428571429
982,59.960354,30.228238,714.2857142857143
983,60.035297,30.250426,485.7142857142857
984,60.031148,30.24344,500.0
985,60.047241,30.348989,465.1162790697674
986,59.854066,30.188324,378.3783783783784
987,59.865853,30.400921,535.7142857142857
988,60.030771,30.295126,530.5039787798408
989,59.837538,30.4188251,500.0
990,60.001005,30.324851,650.0
991,60.00900474,30.40453467,560.9756097560976
992,60.057155,30.266272,555.5555555555555
993,59.829578,30.1600337,580.6451612903226
994,60.052241,30.375283,500.0
995,59.830972,30.1745586,500.0
996,59.993064,30.356059,1125.0
997,59.844175,30.4889343,609.7560975609756
998,59.852311,30.360604,472.8132387706856
999,59.829696,30.5372965,537.3134328358209
1000,59.93171,30.343572,673.0769230769231
1001,59.851625,30.148063,623.3766233766233
1002,59.919734,30.370306,1000.0
1003,59.996809,30.203015,547.6190476190476
1004,59.843281,30.129926,447.36842105263156
1005,59.838561,30.350435,1018.0995475113122
1006,60.017198,30.331508,684.2105263157895
1007,59.92467,30.3138755,833.3333333333334
1008,60.02124,30.277771,702.7027027027027
1009,59.826149,30.327789,657.1428571428571
1010,60.031211,30.142835,421.05263157894734
1011,59.849107,30.3700364,444.44444444444446
1012,59.844848,30.3350084,638.8888888888889
1013,59.962059,30.2828994,1311.111111111111
1014,59.94533,30.2932399,686.2745098039215
1015,60.032951,30.354011,394.7368421052632
1016,59.835698,30.3473486,548.3870967741935
1017,59.998643,30.194164,714.2857142857143
1018,59.935888,30.2408262,527.7777777777778
1019,59.932479,30.3586113,914.2857142857143
1020,59.892663,30.273369,625.0
1021,59.827765,30.5469826,571.4285714285714
1022,59.841975,30.113128,500.0
1023,59.826302,30.332478,641.025641025641
1024,59.860416,30.159976,636.3636363636364
1025,60.005697,30.20816,588.2352941176471
1026,59.86762,30.457478,625.0
1027,59.92952,30.258843,921.0526315789474
1028,60.037378,30.255322,525.0
1029,60.077431,30.345189,473.6842105263158
1030,59.826204,30.328493,589.7435897435897
1031,59.841055,30.347816,558.8235294117648
1032,59.975805,30.3168391,1055.5555555555557
1033,59.854731,30.3017236,562.5
1034,60.02744,30.212715,377.77777777777777
1035,60.08095,30.352798,500.0
1036,59.824593,30.337419,1724.1379310344828
1037,60.02422,30.4210736,500.0
1038,59.857992,30.172057,551.2820512820513
1039,60.003079,30.399295,595.2380952380952
1040,60.025574,30.2842671,473.6842105263158
1041,60.001005,30.324851,650.0
1042,59.916879,30.4937223,548.3870967741935
1043,59.854575,30.1770879,494.0119760479042
1044,59.939577,30.496445,625.0
1045,60.034386,30.246127,547.6190476190476
1046,60.037211,30.243455,450.0
1047,59.910265,30.45543,600.0
1048,60.011109,30.386727,600.0
1049,59.85951,30.322237,571.4285714285714
1050,59.917632,30.3052423,714.2857142857143
1051,59.96003,30.293518,757.5757575757576
1052,59.845007,30.364495,500.0
1053,60.076448,30.34845,421.05263157894734
1054,60.054146,30.310499,543.4782608695652
1055,59.84997,30.211511,450.0
1056,59.861173,30.5014575,454.54545454545456
1057,59.901111,30.469974,500.0
1058,59.853125,30.139726,606.060606060606
1059,60.006845,30.263416,511.1111111111111
1060,60.004685,30.2493154,555.5555555555555
1061,59.840395,30.3287787,688.622754491018
1062,59.837703,30.11363,625.0
1063,59.854115,30.23802,548.3870967741935
1064,59.850458,30.304046,750.0
1065,59.914277,30.476756,463.4146341463415
1066,60.047241,30.348989,685.3582554517134
1067,59.860416,30.159976,500.0
1068,59.949232,30.3065042,1333.3333333333333
1069,60.028303,30.369417,470.5882352941176
1070,59.945891,30.20838,615.3846153846154
1071,60.014954,30.2382649,597.0149253731344
1072,60.014432,30.428849,516.1290322580645
1073,60.079639,30.33608,500.0
1074,60.026642,30.421686,593.75
1075,59.852224,30.1789595,406.25
1076,59.840844,30.1693964,457.14285714285717
1077,59.84678,30.321006,781.25
1078,59.903561,30.4268622,648.1481481481482
1079,59.885088,30.3690464,740.7407407407408
1080,59.832552,30.431115,476.1904761904762
1081,59.831561,30.5372285,500.0
1082,59.943794,30.2176082,531.9148936170212
1083,59.852352,30.2712318,666.6666666666666
1084,59.85858,30.164223,375.0
1085,60.003061,30.221087,340.90909090909093
1086,59.848777,30.3246916,488.3720930232558
1087,59.856835,30.316317,888.8888888888889
1088,60.001371,30.299422,760.0
1089,59.948163,30.252285,846.1538461538462
1090,60.040114,30.368312,545.4545454545455
1091,59.850095,30.1806861,454.54545454545456
1092,60.001005,30.324851,650.0
1093,60.035034,30.373667,550.0
1094,60.008524,30.2236496,400.0
1095,59.832881,30.1549396,361.70212765957444
1096,59.857935,30.167511,450.0
1097,60.041045,30.350363,560.6060606060606
1098,60.046927,30.3950584,500.0
1099,60.009584,30.482281,421.05263157894734
1100,60.045966,30.3774599,534.1246290801187
1101,60.011532,30.388485,619.047619047619
1102,59.987992,30.369704,605.2631578947369
1103,60.011109,30.386727,651.1627906976744
1104,59.939978,30.202294,625.0
1105,59.981469,30.393824,625.0
1106,59.980001,30.39251,628.5714285714286
1107,59.837855,30.2030756,447.36842105263156
1108,59.939658,30.439332,650.0
1109,60.014882,30.311152,714.2857142857143
1110,60.032218,30.405241,666.6666666666666
1111,59.964611,30.313802,700.0
1112,60.006392,30.449807,937.5
1113,59.882571,30.4536952,531.25
1114,59.943426,30.4925784,492.7536231884058
1115,60.074455,30.33174,564.1025641025641
1116,59.84494,30.3132134,625.0
1117,59.946619,30.3885308,1060.6060606060605
1118,59.821675,30.327506,593.75
1119,59.894505,30.4716386,500.0
1120,59.911367,30.476846,750.7507507507509
1121,60.007057,30.295468,733.3333333333334
1122,59.965147,30.49598,423.0769230769231
1123,59.849312,30.1917642,454.54545454545456
1124,59.929673,30.3447463,777.7777777777778
1125,59.98345,30.244239,1562.5
1126,59.871989,30.3854296,500.0
1127,59.832127,30.327331,754.7169811320755
1128,60.029571,30.322839,511.6279069767442
1129,59.993011,30.322768,786.8421052631579
1130,59.860701,30.185031,424.929178470255
1131,59.928814,30.3233763,1000.0
1132,59.85265,30.2499714,512.8205128205128
1133,59.980646,30.388578,625.0
1134,60.078683,30.336296,558.8235294117648
1135,59.921241,30.454972,638.8888888888889
1136,59.84773,30.153605,666.6666666666666
1137,60.017647,30.329594,513.5135135135135
1138,60.006647,30.4174772,548.3870967741935
1139,60.004891,30.261519,625.0
1140,60.035526,30.238739,512.8205128205128
1141,60.009137,30.212697,538.4615384615385
1142,59.825136,30.2204632,575.7575757575758
1143,60.001005,30.324851,650.0
1144,59.900946,30.47638,571.4285714285714
1145,59.943845,30.476128,700.0
1146,59.87086,30.4472454,633.3333333333334
1147,59.861015,30.191514,514.2857142857143
1148,60.042415,30.224716,476.1904761904762
1149,59.849944,30.1495,475.0
1150,60.033985,30.454236,450.0
1151,59.926342,30.3024637,717.9487179487179
1152,60.001043,30.202095,555.5555555555555
1153,60.035383,30.4308823,468.75
1154,59.832983,30.1933343,479.0419161676647
1155,59.846989,30.389073,594.5945945945946
1156,59.909596,30.491418,578.9473684210526
1157,60.040114,30.368312,485.7142857142857
1158,60.014702,30.278211,540.5405405405405
1159,60.002962,30.213182,513.5135135135135
1160,60.035383,30.4308823,571.4285714285714
1161,59.961809,30.4171658,483.8709677419355
1162,59.847018,30.413882,475.0
1163,59.830196,30.3732166,540.5405405405405
1164,60.008127,30.2282181,447.5
1165,59.892748,30.449223,588.2352941176471
1166,60.07028,30.334948,500.0
1167,60.032987,30.352852,511.1111111111111
1168,60.033185,30.428598,446.42857142857144
1169,59.938179,30.2732191,694.4444444444445
1170,60.053754,30.317099,588.2352941176471
1171,59.922666,30.369291,777.7777777777778
1172,60.019185,30.271196,571.4285714285714
1173,59.87474,30.3802517,548.3870967741935
1174,59.999229,30.3730038,625.0
1175,59.928307,30.3146542,742.8571428571429
1176,60.078356,30.342099,500.0
1177,60.078356,30.342099,439.0243902439024
1178,59.838561,30.350435,813.953488372093
1179,59.942762,30.3575967,1067.4157303370787
1180,59.833976,30.2209337,469.6969696969697
1181,60.039903,30.366102,400.0
1182,59.942041,30.4704494,465.1162790697674
1183,59.846044,30.3643726,677.4193548387096
1184,60.051877,30.360766,384.61538461538464
1185,60.023293,30.257045,514.2857142857143
1186,59.959478,30.4304855,545.4545454545455
1187,60.002324,30.205681,440.0
1188,59.867967,30.4049941,500.0
1189,59.919108,30.300983,756.7567567567568
1190,59.915409,30.446931,540.5405405405405
1191,59.849352,30.209903,432.43243243243245
1192,59.864568,30.414443,625.0
1193,59.958831,30.3073093,714.2857142857143
1194,60.001005,30.324851,650.0
1195,59.929646,30.459455,600.0
1196,59.859926,30.208797,526.3157894736842
1197,60.020818,30.267611,536.5853658536586
1198,59.929286,30.2436091,942.0289855072464
1199,59.834814,30.2201288,542.0054200542006
1200,59.995433,30.3893833,588.2352941176471
1201,59.949935,30.2423113,629.0322580645161
1202,60.07696,30.340776,687.5
1203,60.003696,30.196446,888.8888888888889
1204,60.035023,30.387428,500.0
1205,59.834125,30.5169564,491.2280701754386
1206,59.85995,30.16484,271.7391304347826
1207,59.948807,30.3432961,1428.5714285714287
1208,60.037097,30.365072,362.5
1209,60.043457,30.373105,638.2978723404256
1210,60.007492,30.270512,454.54545454545456
1211,59.935567,30.3622372,810.3448275862069
1212,59.9881,30.298522,384.61538461538464
1213,59.935432,30.3684295,714.2857142857143
1214,59.925178,30.383297,750.0
1215,59.958104,30.343095,500.0
1216,59.856443,30.204396,377.55102040816325
1217,59.859133,30.3175011,471.6981132075472
1218,60.046116,30.402052,533.3333333333334
1219,60.003696,30.196446,613.0268199233716
1220,59.993614,30.309531,564.516129032258
1221,60.006183,30.42631,583.3333333333334
1222,59.945812,30.3411681,1000.0
1223,59.869181,30.15564,645.1612903225806
1224,59.930857,30.4111459,551.7241379310345
1225,60.045453,30.318851,500.0
1226,59.937561,30.3240905,606.6945606694561
1227,59.96193,30.3081623,750.0
1228,59.923315,30.336403,705.1282051282051
1229,59.831643,30.3166251,541.6666666666666
1230,59.915034,30.470116,666.6666666666666
1231,59.930092,30.458018,595.2380952380952
1232,60.078683,30.336296,371.42857142857144
1233,59.949718,30.2335044,507.6923076923077
1234,59.832686,30.4283214,370.3703703703704
1235,60.021685,30.400489,510.63829787234044
1236,59.982905,30.225148,828.125
1237,59.937696,30.2835714,500.0
1238,60.02365,30.380861,478.2608695652174
1239,60.026392,30.300866,614.0350877192982
1240,59.83626,30.1564686,488.8888888888889
1241,60.034915,30.236295,504.3478260869565
1242,59.959905,30.2796437,1228.0701754385964
1243,60.025475,30.376963,666.6666666666666
1244,59.8479,30.110711,435.5716878402904
1245,60.078356,30.342099,394.3217665615142
1246,60.051791,30.3738,454.54545454545456
1247,59.840221,30.310218,666.6666666666666
1248,59.931105,30.3386133,928.5714285714286
1249,60.030541,30.238559,404.25531914893617
1250,60.018682,30.3306,434.7826086956522
1251,60.005783,30.258888,462.5
1252,59.932126,30.345294,575.0
1253,59.853744,30.387401,493.3333333333333
1254,60.003696,30.196446,888.8888888888889
1255,59.935018,30.3597528,1052.6315789473683
1256,59.853744,30.387401,406.25
1257,59.840567,30.4892319,727.2727272727273
1258,60.006412,30.285595,487.8048780487805
1259,59.932301,30.351723,790.0
1260,59.931045,30.3587074,654.2056074766355
1261,59.937561,30.3240905,729.6137339055794
1262,59.992484,30.3089222,523.8095238095239
1263,59.932159,30.3232146,611.1111111111111
1264,59.959697,30.231274,800.0
1265,59.864656,30.50976,425.0
1266,59.993064,30.356059,595.2380952380952
1267,59.935056,30.3136954,777.7777777777778
1268,59.946749,30.2720054,564.4171779141104
1269,59.855948,30.3658392,511.1111111111111
1270,60.005592,30.130187,357.14285714285717
1271,60.05706,30.346007,500.0
1272,59.849944,30.1495,702.1276595744681
1273,59.953316,30.2996429,914.6341463414634
1274,60.01374,30.392045,531.25
1275,59.842702,30.2562108,595.2380952380952
1276,60.01972,30.233573,474.5762711864407
1277,59.987767,30.201387,537.6344086021505
1278,59.987452,30.4180176,641.025641025641
1279,59.999917,30.338847,500.0
1280,59.90214,30.4837912,633.3333333333334
1281,59.848072,30.2719559,478.84615384615387
1282,60.011509,30.2415497,516.1943319838057
1283,59.850735,30.190769,500.0
1284,59.826977,30.2019825,500.0
1285,59.941061,30.3789414,461.53846153846155
1286,60.016293,30.4153015,1000.0
1287,59.836857,30.511117,357.14285714285717
1288,59.946315,30.2226451,622.2222222222222
1289,59.940009,30.4699415,496.7602591792657
1290,59.862687,30.3383327,400.0
1291,60.045474,30.356101,450.0
1292,59.90321384,30.44682632,564.1025641025641
1293,59.931738,30.40596,990.0990099009902
1294,59.853307,30.207025,418.1818181818182
1295,59.831147,30.213462,492.8131416837782
1296,59.835909,30.1324889,367.3469387755102
1297,59.945558,30.279504,933.3333333333334
1298,59.976264,30.41736,392.15686274509807
1299,59.93005,30.3689276,740.7407407407408
1300,59.968934,30.275004,2031.25
1301,59.852923,30.148054,786.5168539325842
1302,59.971068,30.270676,1500.0
1303,59.842077,30.341767,448.9795918367347
1304,59.99073,30.3175627,615.3846153846154
1305,60.003696,30.196446,888.8888888888889
1306,59.821675,30.327506,615.3846153846154
1307,59.926363,30.36722,1188.811188811189
1308,59.938837,30.3207547,555.5555555555555
1309,59.935018,30.3597528,1000.0
1310,59.861365,30.3857591,500.0
1311,59.936094,30.3728459,516.1290322580645
1312,60.046086,30.351064,500.0
1313,60.031841,30.323782,473.6842105263158
1314,59.941293,30.2700735,774.6478873239437
1315,60.058363,30.345198,521.7391304347826
1316,60.030545,30.426154,492.9577464788732
1317,59.922237,30.347165,784.3137254901961
1318,59.999217,30.2897297,576.9230769230769
1319,59.92622,30.5016424,543.4782608695652
1320,59.929338,30.247585,581.3953488372093
1321,59.919319,30.4624782,424.24242424242425
1322,60.075567,30.343577,528.3018867924528
1323,59.911258,30.3254459,481.48148148148147
1324,60.020291,30.3193,561.4035087719299
1325,59.862253,30.327781,490.5660377358491
1326,59.898817,30.4889873,488.8888888888889
1327,59.888379,30.313766,815.2173913043479
1328,59.951582,30.4885387,394.36619718309856
1329,59.949718,30.2335044,738.4615384615385
1330,59.931243,30.357261,888.8888888888889
1331,59.873587,30.304523,568.1818181818181
1332,59.933936,30.2986453,1306.3063063063064
1333,60.037207,30.325498,500.0
1334,59.86972,30.4419915,444.44444444444446
1335,60.026992,30.254781,593.2203389830509
1336,60.007448,30.3961626,645.1612903225806
1337,59.863587,30.3393565,555.5555555555555
1338,59.833379,30.3538444,583.3333333333334
1339,59.839113,30.4032349,408.16326530612247
1340,59.902594,30.46354,451.8072289156626
1341,59.945959,30.2603475,568.1818181818181
1342,59.95851,30.4894779,423.0769230769231
1343,59.899479,30.4945546,416.6666666666667
1344,59.961349,30.314898,540.8163265306123
1345,60.003427,30.204072,571.4285714285714
1346,59.973062,30.42333,555.5555555555555
1347,60.058066,30.330322,566.0377358490566
1348,60.041081,30.332649,677.9661016949152
1349,59.998493,30.4340567,577.7777777777778
1350,59.843362,30.2507903,500.0
1351,59.955329,30.3265607,555.5555555555555
1352,60.019599,30.29129,879.1208791208791
1353,59.950224,30.3048598,877.1842105263158
1354,59.948911,30.242197,714.2857142857143
1355,59.89649,30.278831,769.2307692307693
1356,60.003696,30.196446,888.8888888888889
1357,59.954094,30.4960463,444.44444444444446
1358,59.872459,30.3679042,613.6363636363636
1359,60.037467,30.4177656,425.531914893617
1360,59.934491,30.2383605,605.2631578947369
1361,59.833581,30.158606,489.36170212765956
1362,59.846168,30.3913046,392.15686274509807
1363,59.921597,30.345198,519.4805194805194
1364,60.025385,30.2165414,421.05263157894734
1365,59.836554,30.358098,666.6666666666666
1366,59.979647,30.41184,416.6666666666667
1367,59.991824,30.3165443,613.6363636363636
1368,59.827293,30.2131142,477.6119402985075
1369,59.847632,30.3632167,383.3333333333333
1370,59.82509,30.333071,546.875
1371,60.053644,30.3504494,419.35483870967744
1372,60.014185,30.311386,542.6356589147287
1373,60.039512,30.326208,555.5555555555555
1374,59.929892,30.2524235,441.8103448275862
1375,59.875717,30.330825,588.8888888888889
1376,59.929324,30.4151218,562.5
1377,59.843002,30.254444,483.3333333333333
1378,59.836147,30.350902,724.1379310344828
1379,59.973734,30.4091429,478.2608695652174
1380,60.006278,30.209157,517.2413793103449
1381,59.984787,30.4219353,547.6190476190476
1382,59.904177,30.3158264,714.2857142857143
1383,59.97392,30.4184293,625.0
1384,59.938283,30.2864797,476.1904761904762
1385,59.939903,30.2681032,546.875
1386,60.00648,30.256831,547.945205479452
1387,59.932301,30.351723,790.0
1388,59.811699,30.2883149,444.44444444444446
1389,59.948999,30.3788977,950.0
1390,60.00119,30.326199,625.0
1391,59.861985,30.3240406,663.1762652705062
1392,59.830866,30.355241,521.7391304347826
1393,59.91887,30.4936714,416.6666666666667
1394,60.044446,30.335784,437.5
1395,59.92615,30.3762936,660.0
1396,60.027777,30.232091,475.0
1397,59.930223,30.3531563,523.8095238095239
1398,59.934361,30.239297,614.0350877192982
1399,59.861037,30.383188,400.0
1400,59.84466,30.3167841,545.4545454545455
1401,59.92945,30.34228,888.8888888888889
1402,60.002153,30.252591,618.5567010309278
1403,59.900953,30.311511,823.0452674897118
1404,59.842053,30.491463,402.9850746268657
1405,59.982698,30.343446,673.9130434782609
1406,59.998042,30.388563,433.3333333333333
1407,60.003696,30.196446,888.8888888888889
1408,59.830841,30.370969,465.1162790697674
1409,59.980371,30.396555,354.83870967741933
1410,59.950571,30.2371898,615.1142355008787
1411,60.005472,30.2715164,614.0350877192982
1412,60.03336,30.4086968,480.54919908466815
1413,60.035297,30.250426,539.5833333333334
1414,59.863067,30.169815,396.8253968253968
1415,59.942606,30.3195327,516.1290322580645
1416,59.957583,30.4755084,442.3076923076923
1417,59.945898,30.2095825,400.0
1418,59.936525,30.247704,594.2275042444821
1419,59.994902,30.214405,545.4545454545455
1420,59.966512,30.309592,900.0
1421,59.929263,30.354657,562.5
1422,59.967488,30.4332608,409.09090909090907
1423,59.914165,30.4570854,540.0
1424,60.005281,30.2503006,490.19607843137254
1425,59.92376,30.2907385,727.2727272727273
1426,60.013954,30.233146,446.8085106382979
1427,59.929685,30.4723828,583.3333333333334
1428,59.904153,30.316533,746.2686567164179
1429,59.84997,30.211511,454.54545454545456
1430,60.01365,30.316901,725.8064516129032
1431,59.934952,30.246078,538.4615384615385
1432,59.947377,30.3789552,1161.2903225806451
1433,59.905348,30.314655,893.3333333333334
1434,59.843615,30.2430025,488.8888888888889
1435,60.042361,30.397381,440.0
1436,59.916383,30.461692,500.0
1437,60.032299,30.353193,439.56043956043953
1438,60.042195,30.35031,500.0
1439,59.941001,30.222093,492.7536231884058
1440,59.995406,30.4345685,355.55555555555554
1441,59.927605,30.3015077,625.0
1442,60.0495,30.316497,625.0
1443,60.029571,30.322839,430.7692307692308
1444,59.923864,30.3356905,866.6666666666666
1445,59.997401,30.194631,428.57142857142856
1446,59.904175,30.325067,700.0
1447,59.831521,30.1477818,595.2380952380952
1448,59.861683,30.3417259,559.5238095238095
1449,59.958687,30.3008949,789.4736842105264
1450,59.981042,30.349249,500.0
1451,59.904189,30.314808,916.6666666666666
1452,59.880824,30.4378452,461.53846153846155
1453,59.874755,30.2991766,625.0
1454,59.863049,30.3568004,520.8333333333334
1455,59.999984,30.212032,555.5555555555555
1456,59.833379,30.3538444,575.2212389380531
1457,59.861749,30.4724023,533.3333333333334
1458,60.003696,30.196446,888.8888888888889
1459,59.85408,30.22601,531.9148936170212
1460,60.009883,30.415943,504.80769230769226
1461,59.868512,30.4385824,434.7826086956522
1462,59.933936,30.298645,1299.2831541218638
1463,59.876018,30.3874853,400.0
1464,60.033885,30.4304564,362.9032258064516
1465,59.940845,30.324159,883.7209302325581
1466,59.941345,30.3626606,642.8571428571429
1467,59.952259,30.4095286,543.4782608695652
1468,59.963955,30.2734662,1041.6666666666667
1469,60.011959,30.267251,621.1180124223603
1470,60.030541,30.238559,428.57142857142856
1471,59.955869,30.2941261,737.7049180327868
1472,59.858577,30.2235728,442.3076923076923
1473,59.888141,30.4198073,488.8888888888889
1474,59.84687,30.3168155,697.6744186046511
1475,60.045812,30.325435,456.140350877193
1476,59.838602,30.357388,671.6417910447761
1477,60.03346105,30.22770166,750.0
1478,60.031381,30.2891377,703.125
1479,59.897622,30.4197556,550.0
1480,60.020657,30.394415,555.5555555555555
1481,59.945558,30.279504,933.3333333333334
1482,59.938662,30.223791,557.1428571428571
1483,59.86351,30.3292164,466.6666666666667
1484,59.841235,30.239493,470.0
1485,59.952222,30.2315758,750.0
1486,59.863086,30.4581276,500.0
1487,59.987465,30.371761,428.57142857142856
1488,60.013798,30.2468505,500.0
1489,59.861415,30.3178342,510.63829787234044
1490,59.962103,30.3041919,583.3333333333334
1491,59.961471,30.453544,365.38461538461536
1492,59.941045,30.3500097,1000.0
1493,60.002926,30.355906,638.2978723404256
1494,59.846894,30.310927,1029.4117647058824
1495,59.959422,30.2970398,651.5151515151515
1496,60.041979,30.39854,543.4782608695652
1497,59.848211,30.27332,547.6190476190476
1498,59.994593,30.3070387,434.7826086956522
1499,60.073464,30.332011,476.1904761904762
1500,60.000065,30.253633,603.448275862069
1501,60.00922,30.4207626,409.09090909090907
1502,59.838978,30.352802,506.6666666666667
1503,59.92042,30.370063,833.3333333333334
1504,59.938649,30.3239786,555.5555555555555
1505,59.9179,30.3502529,1000.0
1506,59.935888,30.2408262,538.4615384615385
1507,59.852963,30.155878,733.9449541284404
1508,60.051333,30.324276,517.8571428571429
1509,60.003696,30.196446,888.8888888888889
1510,59.862759,30.320171,642.8571428571429
1511,59.918661,30.439512,433.3333333333333
1512,59.840561,30.362849,533.3333333333334
1513,60.008824,30.483063,347.22222222222223
1514,59.940009,30.4699415,413.04347826086956
1515,60.033153,30.236448,446.42857142857144
1516,60.06218,30.317952,450.0
1517,60.029211,30.459239,408.16326530612247
1518,59.934041,30.342894,1096.4912280701753
1519,59.954932,30.4215498,433.3333333333333
1520,59.86595,30.4605312,533.3333333333334
1521,59.974239,30.313973,785.7142857142857
1522,59.98649,30.4217627,502.18340611353716
1523,59.970839,30.309347,866.6666666666666
1524,59.930521,30.3673174,655.7377049180328
1525,59.826872,30.389081,422.53521126760563
1526,59.930764,30.3574133,928.5714285714286
1527,59.856835,30.316317,755.8139534883721
1528,60.023111,30.376531,373.3333333333333
1529,59.984649,30.407553,518.5185185185185
1530,59.841549,30.3664198,444.44444444444446
1531,59.882966,30.481062,434.7826086956522
1532,59.908821,30.3476368,454.54545454545456
1533,59.960021,30.480556,566.0377358490566
1534,59.931918,30.407946,923.0769230769231
1535,60.071472,30.23616,276.9230769230769
1536,59.942305,30.4785944,444.44444444444446
1537,59.938837,30.3207547,562.5
1538,59.980592,30.38688,625.0
1539,60.038856,30.322192,420.5607476635514
1540,59.859584,30.3385081,520.0
1541,59.987609,30.208537,632.9113924050633
1542,59.940661,30.391015,872.0930232558139
1543,59.842693,30.252106,534.2465753424658
1544,60.013186,30.332208,460.0
1545,59.874665,30.3700422,440.0
1546,59.922354,30.4521703,472.72727272727275
1547,59.848227,30.3919365,460.0
1548,59.84466,30.3167841,627.4509803921569
1549,59.992884,30.322111,666.6666666666666
1550,59.885462,30.320656,602.4096385542168
1551,59.827513,30.1682646,547.6190476190476
1552,59.872459,30.3679042,681.8181818181819
1553,59.951582,30.4885387,600.0
1554,59.94377,30.3448342,833.3333333333334
1555,59.854265,30.3136358,500.0
1556,59.939867,30.3516696,1846.1538461538462
1557,59.927288,30.412706,625.0
1558,59.86766,30.3996878,480.0
1559,59.986314,30.3227444,370.0
1560,60.003696,30.196446,888.8888888888889
1561,59.931134,30.2874311,1416.6666666666667
1562,59.965136,30.3064244,529.4117647058823
1563,60.037603,30.4047295,563.6363636363636
1564,59.902479,30.320882,1086.9565217391305
1565,60.032596,30.33184,438.5964912280702
1566,60.014882,30.311152,670.7317073170732
1567,59.840221,30.310218,566.6666666666666
1568,59.825402,30.20127,413.04347826086956
1569,60.007314,30.2274677,448.71794871794873
1570,59.852682,30.307388,627.9069767441861
1571,59.946053,30.3867812,538.4615384615385
1572,59.851369,30.2652719,818.1818181818181
1573,60.036987,30.397578,415.0943396226415
1574,59.946979,30.2643644,385.7142857142857
1575,59.936355,30.2543809,1102.9411764705883
1576,59.937526,30.376092,847.8260869565217
1577,59.891891,30.468379,444.44444444444446
1578,59.915591,30.3003764,493.3333333333333
1579,59.954024,30.216721,671.6417910447761
1580,59.832367,30.178958,451.61290322580646
1581,59.926278,30.366839,823.5294117647059
1582,59.946457,30.4981534,473.6842105263158
1583,59.915141,30.4813008,440.0
1584,59.943794,30.2176082,600.0
1585,59.875698,30.3298012,769.2307692307693
1586,59.971055,30.4058805,608.695652173913
1587,60.015966,30.364925,500.0
1588,59.848072,30.2719559,583.3333333333334
1589,60.004924,30.210307,500.0
1590,59.846948,30.3568305,500.0
1591,60.017321,30.4119163,412.18637992831543
1592,59.839954,30.265913,415.38461538461536
1593,59.999389,30.4332857,399.1130820399113
1594,59.92042,30.370063,1203.7037037037037
1595,60.013766,30.234302,387.9310344827586
1596,59.847369,30.2719513,480.0
1597,59.958093,30.4916954,370.3703703703704
1598,59.93028,30.3652637,549.4505494505495
1599,59.935229,30.3422606,833.3333333333334
1600,59.928451,30.3780638,393.7007874015748
1601,59.9371,30.2883913,1315.7894736842106
1602,59.945316,30.4833189,461.53846153846155
1603,59.874665,30.3700422,383.3333333333333
1604,60.052178,30.349618,471.6981132075472
1605,59.985835,30.1960268,500.0
1606,60.053984,30.322444,416.6666666666667
1607,59.843615,30.2430025,595.2380952380952
1608,59.931762,30.2945054,700.0
1609,60.039324,30.397983,460.0
1610,59.945683,30.3498774,808.8235294117648
1611,60.003696,30.196446,888.8888888888889
1612,60.005002,30.229171,487.1794871794872
1613,59.899522,30.2758692,535.7142857142857
1614,59.934956,30.2380586,675.6756756756756
1615,59.954085,30.332199,598.2905982905983
1616,60.019976,30.2415098,789.4736842105264
1617,59.869793,30.4005127,523.8095238095239
1618,59.929327,30.3169166,617.283950617284
1619,59.945739,30.2294228,700.0
1620,60.021973,30.2869453,464.2857142857143
1621,59.836966,30.3996767,400.0
1622,60.033756,30.3977393,295.08196721311475
1623,60.004506,30.4162011,444.44444444444446
1624,59.8267,30.327178,509.09090909090907
1625,59.91959209,30.35795608,656.5656565656566
1626,59.942778,30.2330389,568.1818181818181
1627,59.944755,30.3662207,531.2084993359894
1628,59.877533,30.389334,581.3953488372093
1629,59.977683,30.4092189,640.3508771929825
1630,59.95435,30.214741,764.7058823529412
1631,60.019743,30.277304,474.13793103448273
1632,59.952678,30.416174,666.6666666666666
1633,59.87924,30.32142,757.5757575757576
1634,59.948392,30.219596,770.8333333333334
1635,59.907753,30.319003,633.3333333333334
1636,59.934371,30.3805671,500.0
1637,59.928739,30.4070534,589.0410958904109
1638,59.864656,30.50976,400.0
1639,59.958102,30.2727469,1354.1666666666667
1640,59.828245,30.4014674,470.95761381475666
1641,59.936305,30.3579458,500.0
1642,59.842429,30.2321967,476.1904761904762
1643,59.934041,30.342894,1142.857142857143
1644,59.922878,30.371222,1276.595744680851
1645,60.061327,30.291398,704.8092868988392
1646,60.01454,30.322282,482.14285714285717
1647,59.92844,30.3244985,1000.0
1648,59.884969,30.4760998,444.44444444444446
1649,59.859736,30.179378,416.6666666666667
1650,59.949003,30.4753453,471.6981132075472
1651,59.87304,30.312652,555.5555555555555
1652,59.845007,30.364495,512.1951219512196
1653,60.007151,30.213891,352.11267605633805
1654,60.015391,30.2491683,454.54545454545456
1655,59.942474,30.239635,543.4782608695652
1656,59.885088,30.3690464,851.063829787234
1657,60.035985,30.248288,565.2173913043479
1658,59.919582,30.3033972,880.0
1659,59.921913,30.369569,1170.212765957447
1660,59.935025,30.3765192,692.3076923076923
1661,59.955702,30.4821726,480.7692307692308
1662,60.003696,30.196446,888.8888888888889
1663,59.923608,30.297273,1071.4285714285713
1664,59.938215,30.217303,537.0370370370371
1665,59.834068,30.1406896,363.6363636363636
1666,59.939125,30.2693128,717.1314741035856
1667,59.949718,30.2335044,579.7101449275362
1668,59.940073,30.2695956,918.3673469387755
1669,59.917748,30.3578163,377.35849056603774
1670,59.845299,30.372343,436.8932038834951
1671,59.91389,30.3295481,545.4545454545455
1672,59.844467,30.4108521,633.8028169014085
1673,60.013371,30.254221,636.3636363636364
1674,59.845873,30.2510638,573.394495412844
1675,59.920848,30.357038,483.14606741573033
1676,60.005221,30.200086,580.6451612903226
1677,59.873576,30.376637,600.0
1678,59.962103,30.3004355,685.483870967742
1679,59.944765,30.21275,535.7142857142857
1680,59.961349,30.314898,561.2244897959183
1681,59.885708,30.4872548,391.30434782608694
1682,59.852321,30.244057,474.35897435897436
1683,59.842966,30.1499563,480.0
1684,59.876802,30.321069,608.695652173913
1685,59.927577,30.3139879,560.0
1686,59.972678,30.3073087,750.0
1687,60.056189,30.354343,434.7826086956522
1688,59.86256,30.496351,377.04918032786884
1689,59.959633,30.321015,903.8461538461538
1690,59.919477,30.465222,476.1904761904762
1691,59.932115,30.3231153,453.3333333333333
1692,60.037225,30.343617,437.5
1693,60.020287,30.330169,565.2173913043479
1694,60.01365,30.316901,806.4516129032259
1695,59.930521,30.3673174,714.2857142857143
1696,59.952394,30.4856414,392.85714285714283
1697,60.029053,30.4258597,555.5555555555555
1698,59.941001,30.222093,430.7692307692308
1699,60.01374,30.392045,661.5384615384615
1700,59.937339,30.377181,625.0
1701,59.935096,30.37319,517.8571428571429
1702,59.890658,30.489198,333.3333333333333
1703,59.958595,30.280289,1619.047619047619
1704,60.03562574,30.40489397,520.8333333333334
1705,60.024612,30.312077,488.8888888888889
1706,60.03322,30.23342,540.0
1707,59.973007,30.4315158,519.1873589164786
1708,60.04246,30.355026,416.6666666666667
1709,59.936711,30.3510626,620.6896551724138
1710,60.005212,30.151189,1034.4827586206898
1711,59.845469,30.311152,853.6585365853658
1712,59.929054,30.3562975,700.0
1713,60.003696,30.196446,888.8888888888889
1714,59.935728,30.343235,700.0
1715,60.012397,30.255532,615.3846153846154
1716,59.84174585,30.34021918,532.258064516129
1717,59.951175,30.4196411,500.0
1718,59.900953,30.311511,781.25
1719,59.832121,30.351647,916.6666666666666
1720,59.831481,30.1522736,340.90909090909093
1721,60.053629,30.327124,518.5185185185185
1722,60.081206,30.34315,426.2295081967213
1723,59.846011,30.223638,425.531914893617
1724,59.853082,30.3852126,539.3258426966293
1725,59.845088,30.2743079,511.1111111111111
1726,59.98295,30.2648282,1692.3076923076924
1727,59.846621,30.2662862,571.4285714285714
1728,59.924166,30.382839,1036.5853658536585
1729,60.007902,30.4124847,363.6363636363636
1730,59.861184,30.3914536,555.5555555555555
1731,60.017198,30.331508,631.578947368421
1732,59.858658,30.3031281,400.0
1733,59.930052,30.338916,950.0
1734,59.832983,30.1933343,636.3636363636364
1735,59.839847,30.1583424,500.0
1736,60.003941,30.2386318,438.5964912280702
1737,59.87816,30.4372478,461.53846153846155
1738,60.010367,30.2737042,432.6923076923077
1739,60.034862,30.4253264,489.3964110929853
1740,59.948431,30.304211,616.4383561643835
1741,60.050084,30.351298,450.98039215686276
1742,59.831349,30.324456,700.0
1743,59.838601,30.4229408,522.7272727272727
1744,59.905348,30.314655,916.6666666666666
1745,59.922313,30.3104628,714.2857142857143
1746,60.008614,30.2904486,533.3333333333334
1747,59.966035,30.4027945,577.7777777777778
1748,60.006431,30.339359,488.8888888888889
1749,60.003862,30.221338,290.3225806451613
1750,59.85393,30.189547,401.2841091492777
1751,59.83616,30.1478466,425.531914893617
1752,59.960116,30.226351,566.6666666666666
1753,59.938178,30.3269067,840.0
1754,59.932301,30.351723,1000.0
1755,60.035432,30.446277,319.1489361702128
1756,59.89418,30.4479516,789.4736842105264
1757,59.833764,30.249797,394.7368421052632
1758,59.979722,30.2868549,1538.4615384615386
1759,60.046099,30.352888,419.35483870967744
1760,59.927191,30.303561,746.2686567164179
1761,59.838365,30.1394043,413.04347826086956
1762,59.846011,30.223638,684.2105263157895
1763,60.016351,30.2772228,500.0
1764,60.003696,30.196446,888.8888888888889
1765,60.003696,30.196446,888.8888888888889
1766,59.962025,30.314422,518.1347150259068
1767,59.940661,30.391015,705.8823529411765
1768,59.83156769,30.54562631,545.4545454545455
1769,59.860158,30.347912,673.0769230769231
1770,59.912852,30.3170464,625.0
1771,59.862935,30.4564769,502.18340611353716
1772,59.961595,30.2887082,540.5405405405405
1773,59.859926,30.208797,441.45873320537424
1774,59.94349,30.2383456,577.7777777777778
1775,59.959697,30.223621,681.8181818181819
1776,59.938576,30.3687474,454.54545454545456
1777,60.040902,30.344085,433.3333333333333
1778,60.007286,30.250983,428.57142857142856
1779,59.907434,30.2937929,500.0
1780,59.953741,30.230708,500.0
1781,60.011675,30.273102,471.0144927536232
1782,59.842966,30.1499563,441.1764705882353
1783,59.90823,30.4684931,488.8888888888889
1784,59.945093,30.3524542,1133.0049261083743
1785,59.940917,30.2802217,1100.0
1786,60.014277,30.4062829,444.44444444444446
1787,60.030264,30.4252465,454.54545454545456
1788,59.8267,30.327178,491.2280701754386
1789,59.955811,30.35312,400.0
1790,60.001191,30.2903132,357.14285714285717
1791,59.97383,30.3033404,1304.3478260869565
1792,59.951246,30.2407782,520.8333333333334
1793,59.999697,30.216572,1086.9565217391305
1794,60.03776,30.355205,553.1914893617021
1795,59.937437,30.371136,854.5454545454545
1796,59.834048,30.3945722,532.4074074074074
1797,59.983871,30.421856,666.6666666666666
1798,59.909332,30.247138,437.5
1799,59.902479,30.320882,769.2307692307693
1800,59.866423,30.310838,729.1666666666666
1801,59.866423,30.310838,729.1666666666666
1802,59.841036,30.1625381,355.55555555555554
1803,60.021384,30.375938,416.6666666666667
1804,59.84838,30.3193,666.6666666666666
1805,59.899954,30.4774573,446.8085106382979
1806,60.002067,30.353876,434.2105263157895
1807,59.831707,30.51887,292.6829268292683
1808,59.939867,30.3516696,1666.6666666666667
1809,59.875009,30.3943358,500.0
1810,60.078356,30.342099,375.0
1811,60.037713,30.3810017,444.44444444444446
1812,59.875009,30.321114,547.4452554744526
1813,60.074455,30.33174,400.0
1814,59.957584,30.405511,1132.0754716981132
1815,60.003696,30.196446,888.8888888888889
1816,59.836095,30.2534152,450.0
1817,59.934081,30.3447624,888.8888888888889
1818,59.872467,30.3310057,450.0
1819,59.880375,30.472817,307.6923076923077
1820,59.939561,30.2432575,586.9565217391304
1821,60.035432,30.446277,315.7894736842105
1822,59.830117,30.5164349,418.1818181818182
1823,60.036106,30.353274,461.53846153846155
1824,60.009953,30.404451,500.0
1825,59.859908,30.393393,707.6923076923077
1826,59.91887,30.4936714,433.8394793926247
1827,59.838923,30.227977,528.3018867924528
1828,59.953741,30.230708,538.4615384615385
1829,59.944528,30.206972,520.5479452054794
1830,59.944528,30.206972,520.5479452054794
1831,59.965723,30.4043347,423.52941176470586
1832,60.07028,30.334948,466.6666666666667
1833,60.001041,30.327986,714.2857142857143
1834,59.907397,30.319955,438.5964912280702
1835,59.925427,30.33047,647.0588235294117
1836,59.852971,30.213909,410.958904109589
1837,60.04086,30.339395,480.7692307692308
1838,59.925231,30.3466224,500.0
1839,59.866118,30.403004,479.1666666666667
1840,59.846358,30.3813828,460.0
1841,60.025593,30.2867321,436.8421052631579
1842,59.926667,30.408936,571.4285714285714
1843,59.955785,30.3261753,813.953488372093
1844,59.984593,30.260801,1000.0
1845,59.94737,30.3571386,638.2978723404256
1846,59.959928,30.225273,590.9090909090909
1847,59.896878,30.307559,784.3137254901961
1848,60.016351,30.2772228,488.8888888888889
1849,60.030911,30.135956,520.8333333333334
1850,59.859629,30.2279601,416.6666666666667
1851,59.874801,30.312815,633.3333333333334
1852,59.915034,30.470116,714.2857142857143
1853,59.842205,30.2419253,458.3333333333333
1854,59.950667,30.4982088,444.44444444444446
1855,59.958831,30.3073093,564.516129032258
1856,59.923472,30.3415065,655.9031281533804
1857,59.99856107,30.38535041,410.7142857142857
1858,59.949935,30.2423113,576.9230769230769
1859,59.963955,30.2734662,1079.3650793650793
1860,59.849651,30.3259235,572.0338983050847
1861,59.862349,30.246585,500.0
1862,60.018912,30.397426,535.3319057815845
1863,59.959278,30.309535,1142.47311827957
1864,60.03256,30.343186,505.7471264367816
1865,59.90879,30.293619,660.0
1866,60.003696,30.196446,888.8888888888889
1867,59.855043,30.349325,555.5555555555555
1868,59.937339,30.377181,925.0
1869,59.997032,30.353499,540.0
1870,59.945244,30.240248,692.3076923076923
1871,59.903268,30.319506,614.0350877192982
1872,59.81238,30.3011134,440.0
1873,59.931222,30.3562564,846.1538461538462
1874,59.853432,30.350382,714.2857142857143
1875,59.835333,30.2624448,479.1666666666667
1876,59.942663,30.3615534,1071.4285714285713
1877,59.839756,30.3880591,555.5555555555555
1878,59.967003,30.274553,1333.3333333333333
1879,60.013095,30.282588,479.1666666666667
1880,59.856399,30.352337,418.1818181818182
1881,59.921437,30.351333,760.0
1882,60.01829,30.232596,955.8823529411765
1883,59.92827,30.413199,454.54545454545456
1884,59.913282,30.4645234,368.42105263157896
1885,59.957534,30.2260643,615.3846153846154
1886,59.854265,30.3136358,673.0769230769231
1887,60.013629,30.4138384,425.531914893617
1888,59.947474,30.226,616.6666666666666
1889,60.051868,30.317323,597.0149253731344
1890,59.936855,30.314611,700.0
1891,59.846462,30.3979927,555.5555555555555
1892,59.881187,30.47725,328.57142857142856
1893,59.985975,30.20048,642.8571428571429
1894,60.01342,30.369165,464.2857142857143
1895,59.959905,30.3024145,781.25
1896,59.987609,30.208537,489.2367906066536
1897,59.994404,30.4352253,369.5652173913044
1898,59.939996,30.205798,428.57142857142856
1899,59.91082,30.4596383,440.0
1900,59.969957,30.287637,1033.5917312661497
1901,59.85715341,30.31617753,447.05882352941177
1902,59.98271,30.4101258,614.0350877192982
1903,59.927506,30.3096716,535.7142857142857
1904,59.931782,30.3138213,810.8108108108108
1905,59.859164,30.4716109,410.7142857142857
1906,59.97383,30.3033404,1989.247311827957
1907,59.887653,30.4868847,425.531914893617
1908,59.902549,30.3221908,666.6666666666666
1909,59.97383,30.3033404,1384.6153846153845
1910,59.934926,30.374749,1239.6694214876034
1911,59.863251,30.321689,687.5
1912,59.951018,30.265044,1182.7956989247311
1913,59.83758,30.128507,454.54545454545456
1914,59.939938,30.391246,1490.3846153846155
1915,60.043633,30.355663,392.85714285714283
1916,59.931738,30.40596,1000.0
1917,60.003696,30.196446,888.8888888888889
1918,59.97383,30.3033404,1142.857142857143
1919,59.865818,30.179046,431.0344827586207
1920,60.048746,30.333295,410.7142857142857
1921,59.980288,30.382153,400.0
1922,59.97383,30.3033404,2043.010752688172
1923,59.944968,30.398499,1776.3157894736842
1924,59.843498,30.3157056,576.9230769230769
1925,59.925994,30.453643,550.0
1926,59.939867,30.3516696,1846.1538461538462
1927,60.03936,30.357415,411.7647058823529
1928,59.939867,30.3516696,1428.5714285714287
1929,60.012489,30.310819,1041.6666666666667
1930,59.939984,30.3841133,535.7142857142857
1931,59.936873,30.201944,500.0
1932,60.04775,30.377654,357.14285714285717
1933,59.925321,30.3465441,888.8888888888889
1934,59.922201,30.371456,888.8888888888889
1935,59.929871,30.3026906,1090.909090909091
1936,59.985972,30.232609,470.0
1937,59.919734,30.370306,776.3157894736842
1938,59.840494,30.1599826,384.61538461538464
1939,59.939963,30.2738368,644.4444444444445
1940,59.855594,30.382731,568.1818181818181
1941,59.938662,30.223791,476.1904761904762
1942,59.925759,30.353184,445.2054794520548
1943,60.023506,30.287508,333.3333333333333
1944,59.900953,30.311511,823.0452674897118
1945,60.018295,30.309661,545.4545454545455
1946,60.042033,30.333415,467.2897196261682
1947,60.013897,30.375669,555.5555555555555
1948,59.987528,30.1983924,727.2727272727273
1949,59.85408,30.22601,606.060606060606
1950,59.996344,30.357667,500.0
1951,59.92945,30.34228,924.2144177449168
1952,59.9475,30.262095,571.4285714285714
1953,59.963237,30.329549,1456.953642384106
1954,59.974842,30.316416,876.2886597938144
1955,60.00429,30.3959042,396.55172413793105
1956,59.937024,30.218203,535.7142857142857
1957,59.878462,30.4783183,434.7826086956522
1958,59.999491,30.197242,653.4653465346535
1959,59.930485,30.4244748,577.7777777777778
1960,59.972276,30.260137,1200.0
1961,59.933396,30.3737029,410.958904109589
1962,59.949562,30.3659534,1083.3333333333333
1963,59.8473,30.112031,288.8888888888889
1964,60.006853,30.4057048,545.4545454545455
1965,59.98692,30.279573,1183.4319526627219
1966,59.840008,30.359201,468.75
1967,59.849033,30.4051132,441.1764705882353
1968,60.003696,30.196446,888.8888888888889
1969,59.958947,30.2164463,588.2352941176471
1970,60.002593,30.3887544,416.6666666666667
1971,59.932301,30.351723,583.3333333333334
1972,59.946686,30.3803205,725.8064516129032
1973,59.830243,30.1567418,400.0
1974,59.923964,30.3427507,511.81102362204723
1975,60.01888,30.411808,452.3809523809524
1976,59.933718,30.4122152,754.7169811320755
1977,59.88725,30.3619024,653.0612244897959
1978,59.945335,30.3397143,666.6666666666666
1979,59.938429,30.3499314,784.3137254901961
1980,59.970888,30.2811378,3437.5
1981,60.048409,30.397875,384.61538461538464
1982,59.843362,30.2507903,359.375
1983,59.931045,30.3587074,615.3846153846154
1984,59.927493,30.3470708,674.5362563237775
1985,59.958317,30.2201069,466.6666666666667
1986,59.937616,30.3423293,746.2686567164179
1987,59.937254,30.3204354,1156.0693641618498
1988,59.941273,30.3579877,879.6296296296297
1989,59.930613,30.4069716,431.0344827586207
1990,59.937616,30.3423293,820.8955223880597
1991,59.929264,30.3490156,520.0
1992,60.001167,30.24385,454.54545454545456
1993,59.917994,30.459946,625.0
1994,60.019612,30.274824,975.609756097561
1995,59.959498,30.2911842,982.1428571428571
1996,59.836604,30.356652,471.6981132075472
1997,59.831349,30.324456,875.0
1998,59.945731,30.358703,729.1666666666666
1999,59.932255,30.254444,1000.0
2000,60.011896,30.354792,425.9259259259259
2001,59.967506,30.285349,1602.5641025641025
2002,59.937254,30.3204354,1149.4252873563219
2003,60.049961,30.343894,555.5555555555555
2004,59.935931,30.314718,1200.0
2005,59.942802,30.360315,940.5940594059406
2006,60.017175,30.396941,522.3880597014926
2007,59.928726,30.427358,633.3333333333334
2008,59.847255,30.180108,405.7971014492754
2009,59.941083,30.3844496,1642.857142857143
2010,59.829691,30.3966385,564.516129032258
2011,59.830836,30.3630228,578.9473684210526
2012,59.959023,30.310656,615.3846153846154
2013,59.927315,30.3416174,733.3333333333334
2014,60.017468,30.323028,555.5555555555555
2015,59.885088,30.3690464,754.7169811320755
2016,59.967488,30.4332608,416.6666666666667
2017,59.90348,30.318069,500.0
2018,59.864068,30.3063581,448.2758620689655
2019,60.003696,30.196446,888.8888888888889
2020,60.002459,30.236183,500.0
2021,59.95188,30.390222,1280.0
2022,59.911268,30.2970692,612.2448979591836
2023,59.874805,30.3907153,533.3333333333334
2024,59.872062,30.3305907,431.37254901960785
2025,59.930764,30.3574133,1214.2857142857142
2026,59.869763,30.4078455,472.72727272727275
2027,59.970888,30.2811378,3312.5
2028,59.840799,30.3808597,453.51473922902494
2029,59.95793,30.2878613,984.8484848484849
2030,59.942853,30.3539312,575.2212389380531
2031,59.933669,30.3505621,769.2307692307693
2032,59.946805,30.3568029,848.2871125611746
2033,60.009699,30.240982,462.962962962963
2034,59.933396,30.3737029,533.3333333333334
2035,60.010491,30.4133255,400.0
2036,59.87362,30.399795,650.5576208178439
2037,59.94401,30.2904187,625.0
2038,59.838602,30.357388,647.0588235294117
2039,60.021919,30.39589,416.6666666666667
2040,59.851322,30.3685968,392.15686274509807
2041,59.932218,30.3074916,1304.3478260869565
2042,60.01985,30.2757203,414.6341463414634
2043,59.862176,30.192979,353.84615384615387
2044,59.849622,30.269497,595.2380952380952
2045,59.946216,30.468312,555.5555555555555
2046,59.891297,30.464804,418.1818181818182
2047,59.924221,30.35057,727.2727272727273
2048,59.852735,30.331568,763.6363636363636
2049,60.016917,30.3984209,595.7446808510638
2050,59.854723,30.4717432,478.2608695652174
2051,60.036461,30.447148,341.1764705882353
2052,60.005914,30.294881,485.07462686567163
2053,59.836202,30.114066,450.28142589118204
2054,59.955484,30.3283799,565.7142857142857
2055,59.939996,30.205798,622.2222222222222
2056,60.077629,30.336386,322.22222222222223
2057,59.965578,30.4134567,425.0
2058,59.923658,30.295719,1000.0
2059,60.029884,30.409169,430.7692307692308
2060,59.843349,30.258673,454.54545454545456
2061,59.931918,30.407946,1298.7012987012988
2062,60.051073,30.355277,408.4507042253521
2063,59.871007,30.316496,500.0
2064,59.918792,30.4727849,500.0
2065,60.022468,30.379208,363.6363636363636
2066,59.932441,30.3641086,500.0
2067,60.046086,30.351064,458.3333333333333
2068,59.934781,30.336384,734.0425531914893
2069,59.940681,30.321357,1071.4285714285713
2070,60.003696,30.196446,888.8888888888889
2071,59.846453,30.2317623,500.0
2072,59.983379,30.216179,590.9090909090909
2073,60.01086,30.2731604,645.1612903225806
2074,59.913815,30.3435953,777.7777777777778
2075,60.010771,30.266488,625.0
2076,59.938112,30.218482,810.8108108108108
2077,59.930229,30.4127555,666.6666666666666
2078,60.037054,30.348998,413.7931034482759
2079,59.826977,30.2019825,520.0
2080,60.009883,30.415943,585.3658536585366
2081,59.838365,30.1394043,389.0160183066361
2082,60.050143,30.342746,644.4444444444445
2083,60.054087,30.331229,509.09090909090907
2084,59.929356,30.3521248,673.0769230769231
2085,59.922116,30.350848,750.0
2086,59.914131,30.3143236,533.3333333333334
2087,59.848666,30.4812762,530.6122448979592
2088,59.974356,30.3867035,581.3953488372093
2089,59.902274,30.3309587,1026.3157894736842
2090,59.914795,30.4631131,500.0
2091,59.993139,30.3154456,560.9756097560976
2092,59.847462,30.2671704,577.7777777777778
